"daniel","81dc9bdb52d04dc20036dbd8313ed055";
"pepe","4a7d1ed414474e4033ac29ccb8653d9b";
"luis","e6ba4060d7bc5a577715be0c5352a6f1";
"manuel","4a7d1ed414474e4033ac29ccb8653d9b";
"julian","81dc9bdb52d04dc20036dbd8313ed055";
"alicia","e6ba4060d7bc5a577715be0c5352a6f1";
"jesus","81dc9bdb52d04dc20036dbd8313ed055";
"adolfo","4a7d1ed414474e4033ac29ccb8653d9b";
"sergio","e6ba4060d7bc5a577715be0c5352a6f1";
"patricia","81dc9bdb52d04dc20036dbd8313ed055";
"ana","4a7d1ed414474e4033ac29ccb8653d9b";
